{
	"info": {
		"_postman_id": "d03f598b-7157-4dc4-9cec-44e914cfdfaf",
		"name": "FIAP-Pos-Tech-Challenge-grupo-71",
		"schema": "https://schema.getpostman.com/json/collection/v2.0.0/collection.json",
		"_exporter_id": "2111757"
	},
	"item": [
		{
			"name": "Cliente",
			"item": [
				{
					"name": "api/Cliente/cpf",
					"request": {
						"method": "GET",
						"header": [],
						"url": "{{host}}/api/Cliente/cpf/12345678909"
					},
					"response": []
				}
			]
		},
		{
			"name": "Produto",
			"item": [
				{
					"name": "api/Produto/categorias",
					"request": {
						"method": "GET",
						"header": [],
						"url": "{{host}}/api/Produto/categorias"
					},
					"response": []
				},
				{
					"name": "api/Produto/categoria",
					"request": {
						"method": "GET",
						"header": [],
						"url": "{{host}}/api/Produto/categoria/LANCHE"
					},
					"response": []
				}
			]
		},
		{
			"name": "Pedido",
			"item": [
				{
					"name": "api/Pedido/Checkout",
					"request": {
						"method": "POST",
						"header": [],
						"body": {
							"mode": "raw",
							"raw": "{  \r\n  \"idDispositivo\": \"eafdfc0a-7931-42d9-8d3f-225e928bac07\",\r\n  \"idCliente\": \"0925d79b-a065-4cb2-8350-8c9bf671c9f5\",\r\n  \"pedidoItems\": [\r\n    {\r\n      \"idProduto\": \"f44b20ab-a453-4579-accf-d94d7075f508\",\r\n      \"quantidade\": 1\r\n    },\r\n    {\r\n      \"idProduto\": \"802be132-64ef-4737-9de7-c83298c70a73\",\r\n      \"quantidade\": 1\r\n    },\r\n    {\r\n      \"idProduto\": \"f724910b-ed6d-41a2-ab52-da4cd26ba413\",\r\n      \"quantidade\": 1\r\n    }    \r\n  ]\r\n}",
							"options": {
								"raw": {
									"language": "json"
								}
							}
						},
						"url": "{{host}}/api/Pedido/Checkout"
					},
					"response": []
				},
				{
					"name": "api/Pedido/{id}/ConsultarPagamento",
					"request": {
						"method": "PATCH",
						"header": [],
						"url": "{{host}}/api/Pedido/{{id_pedido}}/ConsultarPagamento"
					},
					"response": []
				},
				{
					"name": "api/Pedido/WebhookPagamento",
					"request": {
						"method": "POST",
						"header": [
							{
								"key": "client_id",
								"value": "70F3C2F7-E239-4DFB-9482-46BCDB47F7B1",
								"description": "Webhook Client Autorized id",
								"type": "text"
							}
						],
						"body": {
							"mode": "raw",
							"raw": "{\r\n  \"idPedido\": \"{{id_pedido}}\",\r\n  \"statusPagamento\": \"APROVADO\"\r\n}",
							"options": {
								"raw": {
									"language": "json"
								}
							}
						},
						"url": "{{host}}/api/Pedido/WebhookPagamento"
					},
					"response": []
				},
				{
					"name": "api/Pedido/{id}/IniciarPreparacao",
					"request": {
						"method": "PATCH",
						"header": [],
						"url": "{{host}}/api/Pedido/{{id_pedido}}/IniciarPreparacao"
					},
					"response": []
				},
				{
					"name": "api/Pedido/{id}/FinalizarPreparacao",
					"request": {
						"method": "PATCH",
						"header": [],
						"url": "{{host}}/api/Pedido/{{id_pedido}}/FinalizarPreparacao"
					},
					"response": []
				},
				{
					"name": "api/Pedido/Lista",
					"request": {
						"method": "GET",
						"header": [],
						"url": {
							"raw": "https://localhost:64677/api/Pedido/Lista?currentPage=1&take=10",
							"protocol": "https",
							"host": [
								"localhost"
							],
							"port": "64677",
							"path": [
								"api",
								"Pedido",
								"Lista"
							],
							"query": [
								{
									"key": "currentPage",
									"value": "1"
								},
								{
									"key": "take",
									"value": "10"
								}
							]
						}
					},
					"response": []
				},
				{
					"name": "api/Pedido/{id}/Finalizar",
					"request": {
						"method": "PATCH",
						"header": [],
						"url": "{{host}}/api/Pedido/{{id_pedido}}/Finalizar"
					},
					"response": []
				}
			]
		}
	],
	"event": [
		{
			"listen": "prerequest",
			"script": {
				"type": "text/javascript",
				"packages": {},
				"exec": [
					""
				]
			}
		},
		{
			"listen": "test",
			"script": {
				"type": "text/javascript",
				"packages": {},
				"exec": [
					""
				]
			}
		}
	],
	"variable": [
		{
			"key": "host",
			"value": "",
			"type": "string"
		},
		{
			"key": "id_pedido",
			"value": "",
			"type": "string"
		}
	]
}